zecea	zece
zecea	zece
unsprezecea	unsprezece
unsprezecea	unsprezece
unsprezecea	unsprezece
zece și unsprezecea	unsprezece
unsprezecea	unsprezece
zece și unsprezecea	unsprezece
zece și unsprezecea	unsprezece
unsprezecea	unsprezece
unsprezecea	unsprezece
doisprezecea	doisprezece
doisprezecea	doisprezece
zece și doisprezecea	doisprezece
doisprezecea	doisprezece
zece și doisprezecea	doisprezece
doisprezecea	doisprezece
doisprezecea	doisprezece
treisprezecea	treisprezece
treisprezecea	treisprezece
treisprezecea	treisprezece
zece și treisprezecea	treisprezece
treisprezecea	treisprezece
zece și treisprezecea	treisprezece
zece și treisprezecea	treisprezece
paisprezecea	paisprezece
paisprezecea	paisprezece
zece și paisprezecea	paisprezece
paisprezecea	paisprezece
zece și paisprezecea	paisprezece
cincisprezecea cincisprezece
cincisprezecea cincisprezece
zece și cincisprezecea cincisprezece
cincisprezecea cincisprezece
zece și cincisprezecea cincisprezece
șaisprezecea șaisprezece
șaisprezecea șaisprezece
zece și șaisprezecea șaisprezece
șaisprezecea șaisprezece
zece și șaisprezecea șaisprezece
șaptesprezecea șaptesprezece
șaptesprezecea șaptesprezece
zece și șaptesprezecea șaptesprezece
șaptesprezecea șaptesprezece
zece și șaptesprezecea șaptesprezece
zece și șaptesprezecea șaptesprezece
zece și șaptesprezecea șaptesprezece
zece și șaptesprezecea șaptesprezece
optsprezecea optsprezece
optsprezecea optsprezece
zece și optsprezecea optsprezece
optsprezecea optsprezece
zece și optsprezecea optsprezece
nouăsprezecea nouăsprezece
nouăsprezecea nouăsprezece
zece și nouăsprezecea nouăsprezece
nouăsprezecea nouăsprezece
zece și nouăsprezecea nouăsprezece