Zecea	zece
Zecea	zece
Unsprezecea	unsprezece
Unsprezecea	unsprezece
Unsprezecea	unsprezece
Unsprezecea	unsprezece
Unsprezecea	unsprezece
Unsprezecea	unsprezece
Unsprezecea	unsprezece
Unsprezecea	unsprezece
Unsprezecea	unsprezece
Doisprezecea	doisprezece
Doisprezecea	doisprezece
Doisprezecea	doisprezece
Doisprezecea	doisprezece
Doisprezecea	doisprezece
Doisprezecea	doisprezece
Treisprezecea	treisprezece
Treisprezecea	treisprezece
Treisprezecea	treisprezece
Treisprezecea	treisprezece
Treisprezecea	treisprezece
Treisprezecea	treisprezece
Treisprezecea	treisprezece
Paisprezecea	paisprezece
Paisprezecea	paisprezece
Paisprezecea	paisprezece
Paisprezecea	paisprezece
Paisprezecea	paisprezece
Cincisprezecea cincisprezece
Cincisprezecea cincisprezece
Cincisprezecea cincisprezece
Cincisprezecea cincisprezece
Cincisprezecea cincisprezece
Saisprezecea saisprezece
Saisprezecea saisprezece
Saisprezecea saisprezece
Saisprezecea saisprezece
Saisprezecea saisprezece
Saptesprezecea saptesprezece
Saptesprezecea saptesprezece
Saptesprezecea saptesprezece
Saptesprezecea saptesprezece
Saptesprezecea saptesprezece
Saptesprezecea saptesprezece
Saptesprezecea saptesprezece
Saptesprezecea saptesprezece
Optsprezecea optsprezece
Optsprezecea optsprezece
Optsprezecea optsprezece
Optsprezecea optsprezece
Optsprezecea optsprezece
Nouasprezecea nouasprezece
Nouasprezecea nouasprezece
Nouasprezecea nouasprezece
Nouasprezecea nouasprezece
Nouasprezecea nouasprezece