a douăzeci și una	 douăzeci și unu  
a douăzeci și una	 douăzeci și unu  
a douăzeci și una	 douăzeci și unu  
a douăzeci și unu	 douăzeci și unu  
a douăzeci și una	 douăzeci și unu  
a douăzeci și una	 douăzeci și unu  
a douăzeci și unu	 douăzeci și unu  
a douăzeci și doua	 douăzeci și doi  
a douăzeci și doua	 douăzeci și doi  
a douăzeci și doi	 douăzeci și doi  
a douăzeci și doua	 douăzeci și doi  
a douăzeci și doua	 douăzeci și doi  
a douăzeci și treia	 douăzeci și trei  
a douăzeci și treia	 douăzeci și trei  
a douăzeci și treia	 douăzeci și trei  
a douăzeci și trei	 douăzeci și trei  
a douăzeci și trei	 douăzeci și trei  
a douăzeci și treia	 douăzeci și trei  
a douăzeci și trei	 douăzeci și trei  
a douăzeci și patra	 douăzeci și patru  
a douăzeci și patra	 douăzeci și patru  
a douăzeci și patru	 douăzeci și patru  
a douăzeci și patra	 douăzeci și patru  
a douăzeci și patra	 douăzeci și patru  
a douăzeci și cincea	 douăzeci și cinci  
a douăzeci și cincea	 douăzeci și cinci  
a douăzeci și cinci	 douăzeci și cinci  
a douăzeci și cincea	 douăzeci și cinci  
a douăzeci și cincea	 douăzeci și cinci  
a douăzeci și șasea	 douăzeci și șase  
a douăzeci și șasea	 douăzeci și șase  
a douăzeci și șase	 douăzeci și șase  
a douăzeci și șasea	 douăzeci și șase  
a douăzeci și șasea	 douăzeci și șase  
a douăzeci și șaptea	 douăzeci și șapte  
a douăzeci și șaptea	 douăzeci și șapte  
a douăzeci și șapte	 douăzeci și șapte  
a douăzeci și șaptea	 douăzeci și șapte  
a douăzeci și șaptea	 douăzeci și șapte  
a douăzeci și opta	 douăzeci și opt  
a douăzeci și opta	 douăzeci și opt  
a douăzeci și opt	 douăzeci și opt  
a douăzeci și opta	 douăzeci și opt  
a douăzeci și opta	 douăzeci și opt  
a douăzeci și noua	 douăzeci și nouă  
a douăzeci și noua	 douăzeci și nouă  
a douăzeci și nouă	 douăzeci și nouă  
a douăzeci și noua	 douăzeci și nouă  
